/mnt/e/Brightfield_paper/sp_fig1B/10x/A1_02_1_Bright Field_1_,/mnt/e/Brightfield_paper/sp_fig1B/10x/A2_02_1_Bright Field_1_,/mnt/e/Brightfield_paper/sp_fig1B/10x/A3_02_1_Bright Field_1_,/mnt/e/Brightfield_paper/sp_fig1B/10x/A4_02_1_Bright Field_1_,/mnt/e/Brightfield_paper/sp_fig1B/10x/A5_02_1_Bright Field_1_,/mnt/e/Brightfield_paper/sp_fig1B/10x/A6_02_1_Bright Field_1_,/mnt/e/Brightfield_paper/sp_fig1B/10x/B1_02_1_Bright Field_1_,/mnt/e/Brightfield_paper/sp_fig1B/10x/B2_02_1_Bright Field_1_,/mnt/e/Brightfield_paper/sp_fig1B/10x/B3_02_1_Bright Field_1_,/mnt/e/Brightfield_paper/sp_fig1B/10x/B4_02_1_Bright Field_1_,/mnt/e/Brightfield_paper/sp_fig1B/10x/B5_02_1_Bright Field_1_,/mnt/e/Brightfield_paper/sp_fig1B/10x/B6_02_1_Bright Field_1_,/mnt/e/Brightfield_paper/sp_fig1B/10x/C1_02_1_Bright Field_1_,/mnt/e/Brightfield_paper/sp_fig1B/10x/C2_02_1_Bright Field_1_,/mnt/e/Brightfield_paper/sp_fig1B/10x/C3_02_1_Bright Field_1_,/mnt/e/Brightfield_paper/sp_fig1B/10x/C4_02_1_Bright Field_1_,/mnt/e/Brightfield_paper/sp_fig1B/10x/C5_02_1_Bright Field_1_,/mnt/e/Brightfield_paper/sp_fig1B/10x/C6_02_1_Bright Field_1_,/mnt/e/Brightfield_paper/sp_fig1B/10x/D1_02_1_Bright Field_1_,/mnt/e/Brightfield_paper/sp_fig1B/10x/D2_02_1_Bright Field_1_,/mnt/e/Brightfield_paper/sp_fig1B/10x/D3_02_1_Bright Field_1_,/mnt/e/Brightfield_paper/sp_fig1B/10x/D4_02_1_Bright Field_1_,/mnt/e/Brightfield_paper/sp_fig1B/10x/D5_02_1_Bright Field_1_,/mnt/e/Brightfield_paper/sp_fig1B/10x/D6_02_1_Bright Field_1_,/mnt/e/Brightfield_paper/sp_fig1B/10x/E1_02_1_Bright Field_1_,/mnt/e/Brightfield_paper/sp_fig1B/10x/E2_02_1_Bright Field_1_,/mnt/e/Brightfield_paper/sp_fig1B/10x/E3_02_1_Bright Field_1_,/mnt/e/Brightfield_paper/sp_fig1B/10x/E4_02_1_Bright Field_1_,/mnt/e/Brightfield_paper/sp_fig1B/10x/E5_02_1_Bright Field_1_,/mnt/e/Brightfield_paper/sp_fig1B/10x/E6_02_1_Bright Field_1_,/mnt/e/Brightfield_paper/sp_fig1B/10x/F1_02_1_Bright Field_1_,/mnt/e/Brightfield_paper/sp_fig1B/10x/F2_02_1_Bright Field_1_,/mnt/e/Brightfield_paper/sp_fig1B/10x/F3_02_1_Bright Field_1_,/mnt/e/Brightfield_paper/sp_fig1B/10x/F4_02_1_Bright Field_1_,/mnt/e/Brightfield_paper/sp_fig1B/10x/F5_02_1_Bright Field_1_,/mnt/e/Brightfield_paper/sp_fig1B/10x/F6_02_1_Bright Field_1_,/mnt/e/Brightfield_paper/sp_fig1B/10x/G1_02_1_Bright Field_1_,/mnt/e/Brightfield_paper/sp_fig1B/10x/G2_02_1_Bright Field_1_,/mnt/e/Brightfield_paper/sp_fig1B/10x/G3_02_1_Bright Field_1_,/mnt/e/Brightfield_paper/sp_fig1B/10x/G4_02_1_Bright Field_1_,/mnt/e/Brightfield_paper/sp_fig1B/10x/G5_02_1_Bright Field_1_,/mnt/e/Brightfield_paper/sp_fig1B/10x/G6_02_1_Bright Field_1_
0.0,1.0510794364750666e-5,0.0,3.392205579431965e-5,1.1810357369258979e-6,2.875471084045727e-7,0.0,0.0,0.0,0.00039428170918630307,3.6738851822293942e-6,1.6903613567845043e-22,0.003239418854988055,3.546372241617132e-7,0.0,1.317595470702921e-5,6.034703398034031e-5,1.1836370043026833e-5,2.0812880441802574e-5,0.0,0.00014798619367349696,7.401256023804309e-7,1.0456420315727084e-5,7.028066905162791e-5,1.574017190146622e-5,0.0,0.0,0.0,2.3893671700984634e-6,3.621477137040385e-5,-6.603585189026785e-8,0.0,0.0,1.8391291673267973e-6,0.0,8.723662157674043e-6,0.0,0.0,0.0012564343964543091,0.0,0.0,0.0
0.00296148979819471,0.00024292491577009587,3.397373572966536e-5,0.0005454633925506372,5.672252313418704e-5,0.0007612089992451301,0.0010328574163511572,0.0003332209891697397,0.00040026543433386284,0.0007054735876561779,0.0001642765065705577,0.00012800184045425557,0.004324779240898785,0.0004786404711915556,0.002094288497992917,0.0003680906173194319,0.00016915230698896983,0.00038426201957111465,0.00015885531578639016,0.0013920663723959669,0.00035066307254511854,0.00032904703702060014,0.00024374870769294503,0.0005897362072999919,5.6090923635517245e-5,8.547613292876738e-5,0.0002612597307266532,0.0001537857909957747,0.00010455163704090537,0.0001724213895997003,0.00010731756795893576,9.630315161163585e-5,0.0023455104848784415,6.060628082228952e-5,4.9757434716572274e-5,0.00010837757501746566,4.68208205857085e-5,8.562953538712647e-5,0.0037151195021117595,3.548143913224916e-5,2.185756421133219e-5,3.112243496579932e-5
0.0032818800686585606,0.00043497022095674765,0.00020954002465116097,0.0002207440036853955,0.0001758870321118308,0.0011207772495104712,0.0028400991467940006,0.0003048577023365222,0.000879207123285212,0.0008073912183066225,0.00027450939037768394,0.0007582517857695302,0.004269180342655309,0.0006133981475902535,0.0023482616257958448,0.0005989085605664297,0.0003544570666550083,0.0006221897897246406,0.0003145764317016861,0.005826658930479375,0.00050837614245828,0.0003410093636895956,0.0003261424040889358,0.00021624460864543747,0.00017666223221538848,0.00014326175136570595,0.00036432193684491303,0.00024307238403640879,0.00012664497013177507,0.00022727571592468342,0.0002121406119866747,0.00011944459435283235,0.002479490058125244,0.00011694543238449973,6.475323690756203e-5,0.00012796879862883066,7.439378298623126e-5,0.00010795095134677144,0.0037524413412065075,5.7349346430374136e-5,7.54937029905187e-5,5.0424734122675414e-5
0.0034000139098385763,0.0006778544834584161,0.0003368439513506936,0.0002685582652398406,0.0002539746609752447,0.0013545324955173475,0.002010307806719383,0.0004413188111953286,0.0010149733367848636,0.0009743956105464997,0.00047263742795821225,0.0006658284945088832,0.0044118251054733,0.000711517376266449,0.0026677536156975794,0.0008557659955510862,0.00042418608917782773,0.0008442270267426104,0.0004444385404152824,0.004762719863696631,0.0008302245054041145,0.00042322424637668076,0.00039470775927727007,0.00028372074210423093,0.0002095287998725747,0.00018260120378922446,0.0004226821875973651,0.00033824446083982796,0.00020262454572632507,0.00024805634439062775,0.00024800534466459155,0.00015506646968643372,0.002572442665478147,0.0001555005622478033,0.00013736333718500146,0.00017096606568370773,0.00011459343708093741,0.0001286230889225829,0.003833354463300104,9.020344011869076e-5,9.122711293839803e-5,9.088169856741237e-5
0.0036191401902853112,0.0007145384929938392,0.0005495782932417713,0.00041790853743927574,0.000482785747483619,0.0014355341708229379,0.0025601991254604623,0.0005381962147093119,0.001347531158148406,0.0011388622495606307,0.0006606740511871746,0.0009611679721123679,0.0047520860525057,0.000834634540268711,0.002820565445677654,0.0009592771911524984,0.0005255232690024649,0.0009300930954437096,0.000541832861284553,0.0019698744937257724,0.0010335921105336906,0.00045630286403295186,0.0004192838148598021,0.00029990480033085197,0.0002678401706105043,0.00029602649707404335,0.0004252400361797851,0.00034726095941430826,0.00037208826557011995,0.00025861111537266927,0.0002814274572656433,0.0002253189189611935,0.002607250411905202,0.00021527028916749249,0.0002039748154075585,0.0002123508117351607,0.00015182468131718152,0.00017783647957891514,0.0037724913638874703,0.0001082039597571915,0.00014160401724165692,0.0001373871130425148
0.00371499229284221,0.0008230637289035468,0.0005448732671963166,0.00045603961664798413,0.0005400067280640792,0.001622076795473795,0.001386112188713967,0.000619225091565008,0.0013032561342705966,0.0012164053643245148,0.0007342043927554944,0.0008230476851401234,0.0048684752362377305,0.0007976978248165912,0.0028501306411259216,0.0010708029652008273,0.0006947788778147555,0.0010655029923891102,0.000715494051287027,0.0015140836889128112,0.00115243476380686,0.000493644016486539,0.0004941073532647469,0.00035603389601088177,0.00027383386787943495,0.0002205487925992768,0.0004380658738957028,0.00037344000098758187,0.0004157295126812554,0.0002941478466232982,0.0002746481551254264,0.00021818463268303661,0.002747494428822371,0.00024330896183893738,0.000200438886141144,0.0002237943858859809,0.00014891139179606526,0.00020810242483318704,0.0039038028701888793,0.00010368491616378753,0.0001279120768186139,0.00014049220933214058
0.0037926616043830906,0.0007762088389237452,0.000743368730298965,0.0006139188654237815,0.0005152158623376161,0.0016144406379202658,0.0012673705187555145,0.000676550554570415,0.0012840447145478417,0.0011879314116783357,0.0008080837166917113,0.0010552549111190583,0.004972269191589106,0.0008550603305288359,0.002843249773859203,0.0012733639907698943,0.0007260175047133346,0.0011066304517435381,0.0006971292752333561,0.0015337728655021754,0.0012099845839798318,0.0005082365030190559,0.0006283573239646889,0.0003775595405564235,0.0003080804184851624,0.00017912267678113334,0.00041009699519699164,0.0004249041545783227,0.0005247820078845629,0.0003317717966590467,0.0003196990786166401,0.0004186503923178209,0.002838118889437489,0.0002719778377327351,0.0002430549317590712,0.00030100338310466013,0.00017328487934960035,0.00022992308319898778,0.003884093705039172,0.00011367228397277314,0.0001355943741231151,0.00012316485542122072
0.0038244183794391585,0.0009162559929105749,0.0007790784891328738,0.0008118759191341378,0.0007030388638067903,0.0018377666557732116,0.0014877379880895308,0.000763130472472093,0.0014398997605103135,0.0014960252493435317,0.0008798156881415047,0.0012193893474859835,0.005036570042048676,0.0010088341753569795,0.002759082188061227,0.001411957871013269,0.0008473033156609069,0.0013439131528261222,0.0008296693614730509,0.0017278399712208107,0.00136714262251485,0.0006068145832597483,0.0006492404447441427,0.00045997191095430016,0.0004118133346823219,0.00022812349370166505,0.0005179705228213478,0.0005057198261219291,0.0004297890974305694,0.00041381291014838315,0.0003646345169907572,0.00021314102064991106,0.0027693706005782097,0.0003282140757205131,0.00027139204959083504,0.0003992038406683707,0.00022575986504144626,0.0002388236845333574,0.00407711298803688,0.0001077341159468175,0.00013521928515949333,0.00017896190329018885
0.0038863927781670905,0.0009144679479218458,0.0008104525717449794,0.0008822301231366177,0.0008602678530282393,0.0018372754657425385,0.0015675023648243432,0.0007105685803851856,0.001314687304700823,0.001430822740603897,0.0010791360394609157,0.0014348032343269007,0.005405584805823703,0.0010026827001224433,0.0028510086175995994,0.0017110425260200158,0.0010512246407631937,0.001672845800015656,0.0010324669463881659,0.0018279977320894243,0.0013338707292979062,0.0007441031744793529,0.0008646290400551063,0.0005195542205330018,0.0004890782952142354,0.00024655059840113615,0.0005745374693255678,0.0006835392248383209,0.0005114033077030276,0.0004868343607317756,0.00037415201720544496,0.00023980577871207773,0.0029310957400068786,0.00039764510533371654,0.00032839766093930764,0.0007375830988926958,0.0002604063392363569,0.0002456475325473595,0.003937124156315265,0.00012454625853144388,0.00016145366584291036,0.0001832823449121562
0.004073428736968959,0.0009682265605499306,0.0009089530119432112,0.0011038315522402923,0.0011927814438588648,0.0022217990726065544,0.0017153133663862093,0.0007335646319486762,0.001343108036947194,0.0013815425184015389,0.0011926908919388094,0.0020150683224063426,0.0054483117127656884,0.001364438708871987,0.0027968307040918726,0.0020176746512170305,0.0016308795241963873,0.0018932112710613193,0.0011160872930290066,0.001970394355364238,0.0013754510617460724,0.0010372071567834448,0.0011219868053724618,0.0006510281095819111,0.0005829720595486851,0.0004895266514164545,0.0005548027001375631,0.0008129819930880135,0.0005823359115704574,0.0007006139607682917,0.00040523118027946316,0.0002650151508265412,0.0029673699564061544,0.00049871357994495,0.0004115214888171235,0.0008334393518827803,0.0002937662915232917,0.0002432548076581546,0.004138651896411959,0.00013880194230770788,0.00017175256105815618,0.00021052579436009632
0.0040861611447226415,0.0010156875464054406,0.0008787900853745151,0.0013284016815958185,0.0013047876855934869,0.002227066640043262,0.0018291685938447797,0.0007710462505855538,0.0014128280800582752,0.001574058790809959,0.0015206655055160043,0.002286995996070327,0.005470908525682482,0.0013587752349254359,0.00287145044822065,0.0022497028738899293,0.002274688008715251,0.0022040584083560045,0.00127918553595515,0.0021383014547613132,0.001381600524035827,0.0012276683263271809,0.0017394171674157894,0.000939323564110129,0.0006444041908387165,0.0010825663124257865,0.0006143876482964814,0.0011513475656731522,0.0006843351752764636,0.0010595312248573982,0.0005340729448561723,0.00027571505177016405,0.0029627421717323,0.0006933166506037492,0.0005233962550724713,0.0010371889983659904,0.00034336115073542667,0.00023482015816170338,0.0042877717047052795,0.0001647940575377147,0.0001899817979079606,0.00022105192547757925
0.004214977144114445,0.0012827948898775764,0.0009880125499989742,0.0019428516672788674,0.0023080875532444562,0.0029657944170207707,0.0021047148553418366,0.0009456512165767422,0.0016690882114532774,0.0019845361585521274,0.0021504585562389833,0.0038230997376829568,0.005898272124593846,0.0013600632410959027,0.0028893410349137695,0.003500261613057094,0.0041462399329289185,0.002725270625842742,0.0016644569075276124,0.00238494181853787,0.0016634699732339978,0.001828135388137774,0.002639314551654358,0.0013129710672668117,0.0009137644554760515,0.0011257168128323385,0.000688868839335958,0.0018838841179166816,0.001009912192419552,0.0016833644266500867,0.0005729089267907443,0.0003741176873929024,0.0029707530253361264,0.0011587050389135463,0.000932780484466332,0.001657647389294409,0.00034748647904717355,0.0002635755864867637,0.0041186518318361304,0.00018147631548112332,0.00021482788016593702,0.00022156423181213383
0.004484474888086441,0.0013609756425453003,0.0011273447640692263,0.002460555738858142,0.0033640195432294642,0.0036146227136774948,0.002512909604800382,0.001020605678416446,0.0017155645435515798,0.00265259381705902,0.0030298920306030615,0.005319081945095317,0.006564668928750324,0.0016819568059929888,0.0030920730305136167,0.005587140207632384,0.005779664574498934,0.0038726577388564624,0.0016146174987415065,0.002528781611771073,0.001655059506166564,0.002984181041580576,0.003962723902459869,0.0020967979077252345,0.0011845966935832891,0.0006329104956212326,0.0008194258858003487,0.0029790078220592532,0.0017512178263170278,0.00316515893806952,0.0005049708581410172,0.0003528057709384675,0.003189457796485647,0.0018388430558361458,0.0014761320012251149,0.0024799063822830013,0.0003364582144393612,0.0002847145903838788,0.004216227397724,0.0001659917496143849,0.00016976572544396035,0.00022889439594626942
0.004559311506545531,0.0014330420831744027,0.002723143637107061,0.002865013469165654,0.004515404759431723,0.004539856520314903,0.0028721501029743382,0.0011969632108949234,0.0018145942037446358,0.0028855782593395266,0.003979156301981334,0.007323728368262137,0.006828340980397574,0.0017085213972939063,0.0028856293599669254,0.007163532110867223,0.007522062078550324,0.005042188898785206,0.0016010076746942178,0.00273541739017014,0.0014409976651853316,0.004326650013410165,0.0063071391207948045,0.003035397734323245,0.001138506789849918,0.00033154956156026443,0.0007771456059384328,0.004147087982065856,0.002620881652616809,0.004579234010427477,0.000782639800435833,0.0004530358398113261,0.0031045136626446685,0.0026192701752592454,0.0020748661197710215,0.003885967301532124,0.0003867984815971237,0.00027380459312641153,0.004235069182879969,0.00015658993073732432,0.00016883385589692223,0.00022392784721911625
0.005521007632022916,0.0018262024700496093,0.0039053358429078614,0.005501613302804116,0.0070362484095019195,0.006935562526911211,0.0038895099953712518,0.0015522868070183492,0.0022729964473480915,0.005081191003610651,0.007110728677936383,0.011746232795574437,0.008717716871171581,0.0025759105915871853,0.003171162872284191,0.01274845733621647,0.011165680491399004,0.007603885276320928,0.0018621869012130834,0.0032459720489155645,0.0015358883018713972,0.006709820363244767,0.01020285088469708,0.005055546216470499,0.0013854234158757292,0.0003524075597496673,0.0009818991571354009,0.00670294557096821,0.004622800742241551,0.00869531863739902,0.001217999921299821,0.0005164743736602766,0.003443474224574832,0.00432867537182846,0.00305597848314962,0.006373495590397607,0.0003677484215689184,0.00028549726827373055,0.004165550893099104,0.00018112640653116974,0.00019718521175640766,0.0001855900296051675
0.006509016309257819,0.0018930227925255765,0.004682719916296257,0.00770205052840536,0.010833630569063606,0.011350473485923024,0.005677683900406614,0.0016730323243082687,0.0028669856664575986,0.008293690151563764,0.012135906285060406,0.018362379332780975,0.007697507128067603,0.0026527108722616015,0.003700923874901837,0.0205080269644109,0.020223775874712153,0.011808505657436748,0.002396277556106638,0.0036015776710859094,0.0018218293976752739,0.010886039494539833,0.016952505955943272,0.008193492271347292,0.0022118208468500755,0.0005120856633522612,0.001341680869704124,0.011133482602535858,0.007927751901011264,0.014233547841471074,0.0016986007768437742,0.0007200891169836897,0.003922119741070107,0.007413493633603069,0.0049453906012592785,0.01074012701851175,0.00043176874915042986,0.0002976780490778825,0.003986398781927878,0.00019944785165217955,0.00022960502970953325,0.00021759729305653172
0.009041130831218075,0.0027134648449009774,0.005998238073929796,0.014304674574193274,0.02033574385673153,0.016602696271403445,0.008253305438665866,0.0022575637682514375,0.003988986652712478,0.012938036157290216,0.017361330745657294,0.030925791069130605,0.010634276246438147,0.003380637439652342,0.004847975808889287,0.031310586500629484,0.036128169459519764,0.019834196643321356,0.0037068251305502654,0.004194247438417911,0.0022464207466448955,0.01740511992959976,0.027936230182656997,0.013582457782683126,0.003477361004098164,0.0004931258895891574,0.002466893605291466,0.017609083306831665,0.01360281387171674,0.021698627144278834,0.0031429407939894296,0.0007710983818351463,0.004954950698102553,0.011638846107547758,0.007827511285185126,0.01697832231562408,0.0004314381957669191,0.0003281631981831436,0.004225378166338933,0.00016611464936145594,0.00020653128798137383,0.00022016728672435602
0.010489611550420401,0.003132517163180026,0.006369001642242821,0.023133818208403188,0.029074859663399927,0.02261981181976183,0.009694840253180475,0.0027804719970836184,0.005702111537828301,0.024311631547168148,0.02963925262538983,0.04610054937192916,0.01321949121392985,0.003909634717906278,0.0051367623215990395,0.04846376461649598,0.04840565595869821,0.02913784412382986,0.005366774577431764,0.003946271500349163,0.0029944468622501246,0.025908478404422668,0.04313394875547664,0.020594279738497246,0.005292307483164802,0.0010004342457984186,0.003877219267074021,0.027657623650580117,0.02234519602832282,0.03601591379252884,0.004633402488594746,0.0009486091060323882,0.005632394112079389,0.01838406800156936,0.01333218313449531,0.0270731963345094,0.0004197366642084297,0.0003222759590170195,0.004086590761316425,0.00015215433752307025,0.00020770987347147555,0.00019400498771615326
0.01357195995017367,0.004545577522893699,0.007376699381990447,0.031575938680329554,0.04132091080869504,0.032655228913796124,0.01736343264182244,0.0036751046095312304,0.009069568951785713,0.033626551012449754,0.04199835935896967,0.06509485029628206,0.01850443868017702,0.005788006211574635,0.008763882154800654,0.07534365114427226,0.07021371511204456,0.04561008496432806,0.00897191250992372,0.003541649592137618,0.0036173148826521956,0.04067467734495431,0.06500607007137346,0.033516447197744735,0.010980195141264967,0.001797447595510715,0.005423183924980164,0.04180870277752758,0.03438026158129484,0.053792852393265846,0.008413882766056016,0.001625140869365336,0.006692615907569814,0.028119698169980355,0.019948524129133394,0.04041141940030565,0.00040792347827474964,0.0003190353567398719,0.004248097897706232,0.00017273153964342014,0.00024088166673975387,0.00023341903677595179
0.01912686545187329,0.006768873606066244,0.009989428821513909,0.04636715449399715,0.05770577425959104,0.047392572221726215,0.020502248258729257,0.006267846492014784,0.014231051069908388,0.05342528729691572,0.06165714104939276,0.0861042949213699,0.022082307083099068,0.007413917793255991,0.011783007740892885,0.110344528239711,0.10082886432259215,0.07067458763298645,0.013693613265747265,0.004855315062468212,0.005074097259793651,0.06094386900146721,0.09549539210213984,0.051093147895419515,0.020111918416921917,0.00430502903678936,0.008842316565360801,0.06501162225598998,0.05218953729123479,0.08002373660435079,0.014050544439590116,0.0036646454819582925,0.009838384455478693,0.04512985581902301,0.03436487717912011,0.06171730398097186,0.0003886103352438962,0.00032993686561925213,0.004169466287738444,0.00018610569592321973,0.00020977108498110148,0.0002165829554908788
0.02619893832254027,0.013319922546162008,0.012199297917417081,0.07210332378601637,0.08371286590521246,0.07095411412526297,0.02541933609296662,0.012417944427053402,0.020656432886967075,0.08162871148971543,0.08779364414548282,0.11661439016451706,0.02936921316407742,0.012522831038995284,0.016446694096852916,0.1285375683038804,0.12914783143883773,0.09772998401628377,0.01784127050092063,0.007868101584706322,0.009326396771533152,0.09002602149786844,0.13035653030007546,0.07962229871228457,0.023128649031243488,0.007185203360443153,0.014311004780042961,0.09578344757276364,0.07882944078727133,0.11224789688033399,0.01900225840138172,0.004187847905233526,0.013301338358525991,0.0653054182804208,0.04542904829115164,0.08714808982864712,0.00044209857599007175,0.0003590176526906433,0.004181185050770132,0.0001827488921006347,0.00022853318605482641,0.00026819001054968143
0.028522744382884012,0.011761702418997325,0.013080660552411926,0.08630917841972051,0.09512160659593723,0.08794518153983681,0.02967053954443336,0.012542259993826074,0.017967810721881017,0.0905996427973043,0.10164769484081466,0.12729393505569567,0.028691568695460468,0.01077089393583451,0.01646248650282211,0.1323185186957485,0.13376853756087587,0.10813347960968454,0.026153223127396947,0.006344881706739776,0.011384092753700115,0.11238595578231698,0.15072234581982855,0.09888289868938262,0.029329795236107913,0.0058828454859420004,0.015675479303037254,0.11764163431307494,0.09980491292942717,0.13349004360620376,0.02126555580275723,0.003295008306835779,0.015511151072596433,0.0877276668534577,0.06886704212920178,0.10990637044286293,0.0004446779314937248,0.0003311507360421361,0.004279926871858804,0.00019617852512972804,0.00019464714213482704,0.00022179357099523853
0.03141122185892136,0.014241149281727115,0.018627694904808346,0.09819243533355823,0.10462324585563464,0.09655360683114343,0.03304877143509308,0.015738644190295498,0.019126005394439982,0.09971681710362376,0.10363717468484018,0.12875067578257635,0.030541299061180017,0.014522115207945082,0.018597321698549756,0.13362049820714686,0.1355969377214024,0.11011302112157509,0.03570463298100719,0.009115878399992207,0.025140262330534655,0.1265568305021671,0.16283798761990595,0.11606731343712846,0.0353184115857346,0.007834693827203405,0.020256045426749126,0.1367141629657977,0.11972421311828012,0.15180666913884147,0.033843486138937715,0.005224832651031846,0.01867620674786331,0.10580877934353997,0.08714648568796025,0.13032432813743505,0.0004039799526332697,0.00038470515936536926,0.004047017842577759,0.00021641982305724926,0.00018321082254752776,0.00019983122934148076
0.03727541694938162,0.017146657637549245,0.015946114557039395,0.10139203069740882,0.10701196473589432,0.10254647498638916,0.032245598394240516,0.021520729373485877,0.02217995346435865,0.10100088252560058,0.1059233274380948,0.12808694951978555,0.03088292022231299,0.021164529520681742,0.018719675493056597,0.13647758568363755,0.13899946313081898,0.11061416172674939,0.03976264901755345,0.025231470324486225,0.02297987584759188,0.13804909357079484,0.1681645111706693,0.12757966336493418,0.03815120439341664,0.02140389395316533,0.026504588143951555,0.14824164918219448,0.1301040803696369,0.1594162937456663,0.03923447731388508,0.008648944866423315,0.026997428778330394,0.1178391598143107,0.10224896248078899,0.1420976890680451,0.00039822184918274006,0.0003581391590047657,0.004224721875717754,0.00023130976143987967,0.00019037046717788783,0.0002358622094095614
0.040275533113639336,0.01899982890062346,0.023999436304737318,0.09738556985952108,0.10472637501819926,0.09972764802343785,0.028682837861489018,0.017170052539947744,0.02044351626066297,0.10498614726876568,0.1091921471253681,0.1282269654793746,0.028654705439899425,0.02150624390228987,0.0194159663529174,0.13841392911674574,0.13289286630634858,0.10963187918727355,0.03797713013908502,0.023991292287410308,0.017351632859840194,0.14524827500346485,0.17385091280677736,0.1338508533772722,0.03275622174667597,0.020410033397834235,0.025416223403105644,0.15750769965949485,0.13914190768235485,0.16314685828283712,0.03603114105940093,0.01880870769129702,0.031076940480284376,0.12753513986824674,0.10930441356071957,0.14147528685003158,0.00041069652599079367,0.00036090811053635753,0.004027970362428509,0.0002196243223017257,0.0001977862436838585,0.0002344121265388341
0.03933175888853917,0.019678457304531972,0.025262521773143667,0.10116462334395748,0.10771344682620296,0.10173690702244025,0.022239832261697498,0.01463510642723644,0.016540672542479998,0.11071093117123078,0.11205871881372455,0.1258347327432782,0.026296126288012686,0.017869668263759717,0.01600399789680314,0.14080983170671071,0.13909943218232673,0.10977897196396882,0.037874035053501516,0.016764388162808123,0.011723471868611557,0.1501270114265303,0.1789617932906235,0.13620853306014946,0.030330829130008116,0.017191910031412017,0.02116287386750995,0.16201357176063777,0.14422803390392455,0.16614045144010808,0.03027235582902884,0.01738906495731513,0.02828500915668243,0.13596036056534727,0.11506011859088014,0.14547228751885677,0.0004306044493138848,0.00039926123526793766,0.004080139292075334,0.00020912677463029563,0.00019518117536764697,0.00025150721000867006
0.037917376915337225,0.01937212806468008,0.02235075932170865,0.1032805208794466,0.11102309123649355,0.10140318771142046,0.0199188358051145,0.018690199217114897,0.018251382286547834,0.11379522680029115,0.11361353722433926,0.13261455197393546,0.022614749184677766,0.016238198128104085,0.01750564550809486,0.14659419390754147,0.14294932466213692,0.11861193369703439,0.035277773076583925,0.01238495988867431,0.009323364077808047,0.1563644956692017,0.1795037048321268,0.14013102088637278,0.026035632628995147,0.009870118936853793,0.017157049117861947,0.1684259700297775,0.14608547248872583,0.16369567238691143,0.02740129603080017,0.013847566767300527,0.024652728172092176,0.13976087145307245,0.12237157355758403,0.14696681986195748,0.0004087503985541352,0.00040681165929782844,0.0041507993479154666,0.00022447852208307853,0.0002218975447571737,0.00024775324108981383
0.03847900448033384,0.02174953842887938,0.02742672533932988,0.11174015959439987,0.11375120221212864,0.1080029904527102,0.02376098053631004,0.020883019003409286,0.017751628884783963,0.11552314267237486,0.11905934155497136,0.13421218267375087,0.025951000405797474,0.018816289793853486,0.01701655366800078,0.15230680759037477,0.14869717099113464,0.12163248667014781,0.03177595365096132,0.009540457707686143,0.0075516965372571685,0.15864718062657748,0.18168007816353762,0.1359435196856793,0.0232752084937121,0.007514866061207965,0.01413056390854159,0.16755009619612973,0.14907144527850094,0.16402469483023494,0.02319443047853651,0.011053944988671818,0.02036627926617429,0.1390761472257382,0.1281126944571876,0.148374912639324,0.0004541112507660788,0.00042267132909009085,0.004141993898375386,0.00021507922056832022,0.00022339120120894653,0.00033596142631222735
0.03903540853832965,0.022549975827906098,0.029400814542566104,0.11252355643837574,0.11866687575718238,0.10752487961753437,0.027079996131790355,0.022557967696818306,0.02048702527555198,0.12522593050326195,0.12340842859566621,0.1355549859616042,0.027903967237164127,0.021361542353974868,0.017920888476443315,0.15447278441351153,0.15227830462609046,0.11925075815887966,0.027927625359305586,0.0076288721449892325,0.006712827551839112,0.15647485310714435,0.18410846974782255,0.14295149181486708,0.020668187625875478,0.006197448868951797,0.014244211666025523,0.16960362148865268,0.15051536247823621,0.1668461276570121,0.021809890442264508,0.00799197795057266,0.019375564630192223,0.1461748360601973,0.1277424867093305,0.1523594198765824,0.00044184940188978666,0.0004157961675365688,0.004358445797188137,0.0002289770861307302,0.0002034317937569731,0.0003137068623013094
0.038897749042504655,0.020748916355140482,0.024536339556277466,0.11187259985179224,0.12080347596106467,0.111885097144932,0.026914636206222173,0.019682124394502086,0.017763872420925978,0.12582982396908243,0.1264558699045708,0.13787674350981083,0.027099722064014134,0.018057946757646545,0.015975370063736546,0.1537808457896258,0.15702859484047121,0.1267012557479928,0.024644346662134123,0.006349490507003784,0.006768020299336592,0.1519046808590411,0.17858552829008767,0.1331251632590919,0.017546919227598372,0.006593418722073199,0.013163946249213916,0.16339649745065843,0.14735572953911644,0.15947570904135686,0.018816181552022332,0.007418120137495629,0.017809180927650364,0.14054389457549882,0.12045157679804053,0.14279673495933118,0.00035968879537780994,0.0003715571581443547,0.004270261695630115,0.00022330514081406782,0.00020549698260080896,0.00029145197854900455
0.03837329548485745,0.019860230605778042,0.02513934078166979,0.11409337422220647,0.12223448565598068,0.11218735468938879,0.030316261252517965,0.020642610894329855,0.019830104670408823,0.13026462869688227,0.1303012075667087,0.14487588946721022,0.02959456199997717,0.019463442311644923,0.0175602369160815,0.15340822067230594,0.15510385282001957,0.1324030884269628,0.027067005647405756,0.006488755097073589,0.005826103740160439,0.15120171085469808,0.18103267027225836,0.1398401606275107,0.020239125574690067,0.006672517416457404,0.011965455878001604,0.15960943081256543,0.1483786312125958,0.1586183462989064,0.020639240298352353,0.007674575612222617,0.01817783118195399,0.14014680448997358,0.12333048950741227,0.14813351701821134,0.0004065313950670451,0.00037529608643596874,0.0043194779273605845,0.0002090562755311385,0.00021034455967080666,0.00032400731423452953
0.03930947649042699,0.021707660416124822,0.02303348261630233,0.1181615648548414,0.12276554644405203,0.11582863488667862,0.030510320181840647,0.02123096010218829,0.020168660190673322,0.12979333727962591,0.13261220449149694,0.14478684533901284,0.029699977548141257,0.02014403589139293,0.02069234177217615,0.15609227927232264,0.1580719630543326,0.12373793437641586,0.025578250660203854,0.007204656343478179,0.0056861617504654705,0.15367370516807446,0.1819663947811104,0.13978065649830673,0.019051197730322034,0.0071413340603282294,0.012351302228883431,0.16431503447251455,0.14656992863331456,0.16351778000625747,0.02019571884629288,0.008275533363720831,0.018444744180195174,0.13629297941210267,0.11416568924478085,0.14571652800726176,0.0004336717311540299,0.0003870639808383972,0.004220742016799434,0.00022057043094156115,0.0002191635242686243,0.000329162177551568
0.04228312753750213,0.024431799840403865,0.02260644165534904,0.11935889941668931,0.12360841933770506,0.11404938873490614,0.029849812867608724,0.023605300938700065,0.02163122167792716,0.13212269792512846,0.13335471498098236,0.148396092802031,0.029507463096489984,0.020991916570291272,0.019873382169114013,0.1558192041782717,0.16604178682268775,0.13246941196749376,0.024090978355632103,0.00709545471063607,0.0059131953686033896,0.15695617809618032,0.17711803822015793,0.14007482846709732,0.021408270868016332,0.007214845180405941,0.012772923767047962,0.16435442252432064,0.15010345776230513,0.1577972771115847,0.02317434753684399,0.00918439956383228,0.01838694063320503,0.138841981704316,0.11606772232651283,0.14751850732813598,0.00040713155740763587,0.00038926073582902905,0.004395692063807861,0.0002327779216402097,0.00023573731267133936,0.00039316513337337203
0.04229075929119011,0.025690429269339312,0.02658537704691458,0.11856011332579285,0.12790328647872337,0.11608293030274922,0.03187947043604631,0.02443220099300334,0.022103554300671,0.13043055709168072,0.13078039275353864,0.15073215094778486,0.030909969036940512,0.02177263666781065,0.021548082075430228,0.1565423018927003,0.16674216104489956,0.1380005740718764,0.024759913477839422,0.006380749466140449,0.005826717803778168,0.15498147853733574,0.17639201292329618,0.13690943123993995,0.022868978240076603,0.007443273754591674,0.013034998439923288,0.16274509224199182,0.1451751406679307,0.1580702207777316,0.021592682753989657,0.009212631637182452,0.0190857611149543,0.13798276761861242,0.11618729217049079,0.14485357197643764,0.0003912405697806397,0.000387753830876286,0.004367567080208716,0.0002344285022596301,0.0002233231158553619,0.0003960175604330603
0.04155982867753745,0.02905661686054657,0.03050133248280964,0.12134907767466338,0.1254132058917732,0.11430405886994806,0.031718412250661326,0.02359308691806247,0.026036282961001866,0.13473300345338615,0.1369455753627355,0.15421104085287282,0.03270686047336026,0.024174832786599595,0.02301026726999377,0.16066478590929892,0.16883655245793777,0.14044780964612272,0.028600286737266785,0.008428744603243327,0.006825985494109053,0.1588267070128786,0.1790379851967618,0.13850769644072575,0.02466551674706498,0.009255090954829012,0.01429169789922126,0.16382698138286442,0.15261929400599494,0.16007899945791265,0.020852283076171287,0.010128269641852136,0.017781177433880538,0.13510739886425766,0.12021854121051907,0.14733405635847105,0.00046011784496380716,0.0004057483015593839,0.004396284071539672,0.00024323983007120678,0.00020873227894510832,0.00040802131889499673
0.043958565090738456,0.027514655932716323,0.03115174145010758,0.1222337828958747,0.12676039466339142,0.11929996232323926,0.033749792686186664,0.025687429628251157,0.02833789178502081,0.14040484094618694,0.13715944393039825,0.152999391609211,0.036149610702256973,0.026740233607191726,0.02476513045298422,0.1620405130057864,0.1681355941739819,0.1401035228303945,0.025062547260489246,0.008948912571627618,0.007092387248093498,0.15563495370375424,0.17983664369855443,0.13584557321140742,0.02254629454475732,0.009121157246646803,0.01210431098402413,0.1615487902599933,0.14683277588839974,0.16069299354514177,0.019596792097462925,0.010881373962598681,0.019139133426002174,0.1380748818618345,0.1162525326271696,0.14654790001721876,0.00044158465402269014,0.0003611241447309622,0.0043700863845674036,0.00023884274366068003,0.00021928014809603874,0.00033273687597052613
0.04506001785721004,0.02949752124216163,0.0262556388361407,0.12439118913011522,0.13131946578655068,0.11712372388923066,0.037052720234032444,0.031071941564534248,0.028939759545365495,0.14154237094686734,0.14053061988732274,0.15588565953641526,0.03471216629484154,0.030569482460911214,0.026777085720670692,0.16741562171496274,0.1676764466042243,0.14219230240457492,0.026057336522618223,0.008113641257703036,0.007198408823919281,0.15941072733685124,0.1796598265396344,0.14346639927566593,0.023617273732144412,0.013345348407450126,0.013839279152752387,0.16822697568574646,0.15287725152937476,0.16463830593306852,0.023410682435141394,0.012895489769898825,0.019602165694524058,0.14104523311737518,0.12503509864545956,0.15528380170947093,0.0004376218592245665,0.0003982222844673251,0.0045040608014186145,0.00023259292689291848,0.0002365504899367376,0.0004147322518089097
0.04582596082262262,0.031181151582960705,0.02977743762430243,0.12517149770355218,0.13155347651452712,0.12014462011811557,0.034204962497182294,0.027401472207483537,0.02861442645278877,0.14081296940778748,0.1395816132465797,0.1576394342133693,0.03470293279106156,0.025997325585292694,0.025586757969922058,0.1681382587354704,0.17030510408705063,0.1438617450566948,0.022028648857310065,0.00847224916074155,0.006602749438506512,0.15455982490251682,0.17902515403356276,0.1374688899000106,0.020148430883773036,0.010467727421871307,0.01017120002552039,0.16065836865422564,0.1481305818695415,0.157855875365552,0.02147456197962694,0.010592752855648169,0.016961022407511486,0.13687282171158374,0.11958081321092515,0.14452878013091763,0.0004346945404089843,0.000370476768098827,0.004389905085580822,0.0002112601940663534,0.0002208207986840632,0.00037005582809274026
0.045447238658615566,0.028395185400754197,0.02626498729497455,0.12644303225714082,0.13148009417427875,0.11846355089748309,0.03698127834819226,0.026145355006220224,0.030864082497862474,0.142530238110057,0.14143091432823748,0.15599734572414298,0.033492669211766815,0.02437346524360087,0.026927004786391758,0.16866355608850064,0.16805382855554402,0.14550357029491826,0.02267444025446313,0.007299946657461731,0.006867642595361864,0.15350222902591093,0.18133380834796695,0.13538777690620743,0.021190596772902068,0.010302059000411878,0.009695729046312765,0.16113612108234526,0.1413084433483519,0.1621075944213072,0.024169665386903447,0.010340208643530316,0.01919587230063352,0.13811832190410928,0.11845654154667644,0.14820529029578608,0.0003938152017803698,0.0003673328698400243,0.004187365218218969,0.00026281477873336365,0.00021693139314226602,0.0003488411167882231
0.049304798106080155,0.027149029045959498,0.02569113882501481,0.12763211404741306,0.1316043463211436,0.1197747245220015,0.03629087293242312,0.026634207701647,0.030012207599675794,0.14416681110519505,0.14185848389022385,0.16010106551406403,0.03438635640872034,0.024324829157329347,0.024563405069570887,0.1728652845046757,0.170525068853225,0.142784965589755,0.024277092577535884,0.009534546155936399,0.007360908611328464,0.15494258803486075,0.18092480693230242,0.13850753943698513,0.02162138041673164,0.009936512588455095,0.009281052636416084,0.15899898507640656,0.14319513232825817,0.1586009795438749,0.024042391406110513,0.010457360933958925,0.01687261328945592,0.1373872492708887,0.11676834954633258,0.13887913559011006,0.0004313735342412388,0.00034783225385282153,0.004383091643947297,0.00024226798867177623,0.00021473625901804967,0.00034003620612401054
0.05042857162149111,0.02898588883684097,0.024018794748228572,0.12574827596042637,0.132723584053359,0.11960742653139293,0.0381398226078465,0.028760532648004784,0.02971798073978087,0.14245511684254428,0.14224344257637936,0.15882620485422033,0.038636250459369574,0.028324301974850172,0.02973439918973121,0.17079818207271932,0.17652934546753965,0.1458644030375054,0.021774383897026035,0.00938560534889525,0.00675501773070832,0.1556417580123876,0.18039131135312206,0.1388139737980118,0.02296480821787555,0.010407501170392712,0.011025024671257294,0.16144261704894533,0.14576150271673535,0.1626324869706512,0.023702194142381425,0.011982600245169601,0.018654988882745565,0.1362181173827224,0.11583334254787978,0.1439560294520529,0.0003910708124068872,0.0003538195644903301,0.004369300550870822,0.00023646210353451253,0.00021759416031450182,0.00030795033689279955
0.04944926221353234,0.026880654754653576,0.023849878737423263,0.12427838304548994,0.1355144596013895,0.120778773326856,0.04026970803009245,0.02828571991933146,0.028271031136587486,0.14490328451001885,0.14320717824302276,0.1617013779411904,0.03834194780855785,0.027471054694769372,0.029953201263466452,0.17348927981873227,0.1743845163272046,0.14588243191446154,0.021856130600803266,0.010341038715254677,0.0062224096423726,0.155155302452328,0.18512872976361383,0.13314133135939263,0.02080316224341933,0.00915011960356254,0.009469726478306559,0.16470683395016222,0.1468415569955267,0.16189421555268008,0.024539037607489163,0.010659751459757817,0.01795920053905204,0.13520307456182418,0.1175098267607357,0.15138760769470244,0.0004358743519916726,0.00038365468879112297,0.004162552956453528,0.00023158859954369523,0.00020322640991847122,0.00027698868978907003
0.05686520526591629,0.029178520654526127,0.027639806308420643,0.1251692640854747,0.13507983545644303,0.12346010727596568,0.04262459137840636,0.027285021175307414,0.028485849739596236,0.1470329003164408,0.1394928006312679,0.1603007555879458,0.0386931283978805,0.028457858187201826,0.0314827689379157,0.17873855958802443,0.17586043069934815,0.14614431341586853,0.022551185971070073,0.009530396489728263,0.005663702669504607,0.15562525720402215,0.18916786962334012,0.1367734901013685,0.020532366289004216,0.011977492849585462,0.009308923992826687,0.16837128992604744,0.1477417446896352,0.1670728601686793,0.024808443469813347,0.010146472619246666,0.014858247660058008,0.1315981957852984,0.11971669865526843,0.15480235535581188,0.0004508129674711189,0.000369768073514734,0.004293374680570751,0.00022104838554581058,0.00019524333823801572,0.0002771305367686111
0.0539064003918435,0.029204854367929654,0.02876253823114181,0.12701620525061355,0.13297739309527487,0.12211721192597635,0.04198952424363019,0.027882362940171834,0.030656427267404848,0.14343964131597967,0.14203397981133037,0.16272866410360753,0.0393326683812403,0.025131009013355667,0.03162608840142277,0.1740341344343256,0.16980377057350018,0.14828543340275907,0.0255689555188452,0.009829638600891411,0.0060542589496785666,0.16152496234313293,0.18963874295349645,0.14376223985338787,0.02380532351119943,0.013876595603647962,0.008658679319217249,0.16947168176455296,0.1510265772847451,0.17056603442240292,0.025376095937400346,0.010073608040895164,0.01640598191829381,0.13676348813379488,0.11778720069813364,0.15240958747497724,0.0004942375092781543,0.0003622720173170552,0.0043352669486599535,0.00020916915846950324,0.0002056941882521745,0.0002773860822377646
0.04984349395049812,0.028680809267800873,0.028868125463217386,0.128791065028463,0.13328271145147397,0.12012232487509576,0.040578582349196306,0.028905401670299136,0.03281812493404732,0.14208235798734944,0.145635457909831,0.163479604103389,0.03961844955990599,0.030147435661372922,0.032556084890377465,0.176394357944069,0.17439836795524272,0.14678265511774877,0.023831991462306017,0.008106981168592146,0.00619528095545344,0.16506093004177622,0.19250287261070625,0.1505261798443289,0.025075277130170548,0.013270929579975228,0.009017967998748962,0.16912106889698658,0.1551782417758554,0.17281239330312057,0.027568749923313658,0.011287844869529896,0.017495461405106452,0.14361955188001294,0.12033653559866883,0.15452721584219692,0.0005416465707814059,0.000348612750952023,0.004349275216958037,0.00022022693936128975,0.0002356013713557246,0.00030061175268274556
0.04947345061951492,0.028286552129019833,0.0316018687124034,0.13144502525034835,0.13396387609309224,0.12281672818991383,0.044643837131651806,0.03430399994100669,0.034556089696221974,0.14804143422973276,0.14108391937183226,0.16378907021081404,0.04383352815100265,0.03247213377736117,0.036326788718882015,0.18313954433605154,0.16945823237223756,0.14315865484295748,0.028909615758109745,0.007986588078896096,0.007041850492261285,0.1716395981648139,0.19473255345520915,0.1538673534813143,0.030110098894413954,0.012703504798899088,0.009798126823244243,0.17810565318383934,0.16101767956349328,0.18187670608027917,0.028232153531365694,0.014942779213548087,0.018991734299248546,0.14887528264684188,0.13054922638110472,0.15685459629269266,0.0006336944829576879,0.0003723047445528028,0.004331686113199344,0.00024752662019525846,0.00023558750550850029,0.0003007884810172853
0.05435225075774908,0.0254717683099456,0.037031298706959634,0.12808094587766253,0.13721704385953593,0.12305761457907109,0.049173299200147604,0.03146530372522034,0.0332323206598119,0.14603406321118623,0.14080397897430524,0.16247633473309056,0.03957296130405013,0.030395263285843344,0.03686810330922913,0.18129879274296928,0.17798483962659314,0.14995905732576284,0.028447479069187268,0.00691199234161294,0.006367020101015244,0.1777769497218755,0.20265452110435583,0.15879537975717498,0.026297291911928127,0.01244207188083081,0.008207844032050049,0.1817156056690907,0.16260196356238013,0.18826173772821536,0.029346574730830022,0.016153079818313248,0.017662778294992017,0.14995354739049876,0.1314867867895254,0.16130152510991752,0.0005810854670811365,0.00036404405087646575,0.0043478773973639395,0.00022554781258752105,0.0002490401753872151,0.0002888307863127294
0.049829696625161804,0.0330670547622607,0.029342953720722376,0.13091843015643395,0.1349500646408174,0.12051386639623807,0.04331210681498377,0.034885676583460146,0.03307795357774561,0.14896472023212592,0.14589103641877885,0.16238332881149345,0.04342942259832708,0.028338220353291445,0.032558427334759506,0.17611251104512168,0.17908225406576878,0.14915912525276978,0.025998340332254486,0.005772505484669069,0.007880678015319234,0.17298591115574313,0.19886014875336488,0.15041521876263236,0.022243472511162748,0.00963989637072876,0.00884340607691687,0.17909309434900106,0.16321971022481085,0.1765841739050494,0.024274038160680925,0.009752316916827729,0.013450705941526675,0.1475877347010726,0.12685815670208617,0.1600669050045799,0.0005763772664320025,0.0003690779284405851,0.004295367200667494,0.0002202474815091657,0.00021020302201446708,0.00027606435632584493
0.046523347635699375,0.03417190666633192,0.03178426755751591,0.1294125582618852,0.13495482400846173,0.12080120000103481,0.0457366108522683,0.036445499579314526,0.034935093676873676,0.14508690179460532,0.14418489340632537,0.16300661829072813,0.04120259913952641,0.027526727271607827,0.02933323629525823,0.17466603078070989,0.17529219168104052,0.14211346951164333,0.02305400768845049,0.006129771416443232,0.007246988616058776,0.17323423136278185,0.19896280791128382,0.14738304361061236,0.025634228401962476,0.007428288561515936,0.00838201959483257,0.17844172411750964,0.16780840980467146,0.1778775262255688,0.025506875491632705,0.013569130465934404,0.014107287539192648,0.1479932726944523,0.13012263606628974,0.16140081538607354,0.0006431046036253601,0.00037094852454256,0.004354887932079886,0.00021255297268782942,0.00020202128433391794,0.0002651365812133974
